{
  "id": "7906bd57-46ad-e06d-5047-2640059674fa",
  "name": "My vCenter",
  "values": [
    {
      "enabled": true,
      "key": "vc",
      "value": "192.168.1.200",
      "type": "text"
    },
    {
      "enabled": true,
      "key": "user",
      "value": "administrator@vsphere.local",
      "type": "text"
    },
    {
      "enabled": true,
      "key": "password",
      "value": "Admin!23",
      "type": "text"
    },
    {
      "enabled": true,
      "key": "host1",
      "value": "",
      "type": "text"
    },
    {
      "enabled": true,
      "key": "host2",
      "value": "",
      "type": "text"
    },
    {
      "enabled": true,
      "key": "host1pass",
      "value": "",
      "type": "text"
    },
    {
      "enabled": true,
      "key": "host2pass",
      "value": "",
      "type": "text"
    }
  ],
  "timestamp": 1491517592247,
  "_postman_variable_scope": "environment",
  "_postman_exported_at": "2017-04-06T22:26:36.174Z",
  "_postman_exported_using": "Postman/4.10.5"
}