{
	"id": "9ce9531a-fc57-4e3e-d810-4c66f3457aaa",
	"name": "vSphere Automation REST Resources",
	"description": "The folders within this collection represent the Rest API resources and the different operations that can be performed on each. These are individual requests. In many cases, each request will require input that would come from other requests. It is left up to the user to insert the correct data into the URL, query parameters and request bodies for the requests to work correctly. Refer to the ReST API Documentation for further help.",
	"order": [],
	"folders": [
		{
			"owner": "291902",
			"lastUpdatedBy": "287921",
			"lastRevision": 153051351,
			"id": "ab58e0a3-472d-2123-e29f-e36f520a3ade",
			"name": "Authentication",
			"description": "This collection of requests shows how to log in and log out.",
			"order": [
				"15f6c3e6-16de-bd49-51a8-3a4371417ff5",
				"186eb678-3e48-a523-982c-985622d145b7"
			],
			"collectionId": "5c5259d6-375a-7d63-01c4-7cb7a11e9133"
		},
		{
			"id": "7e5b4683-410d-94fc-fe2d-ae5299293593",
			"name": "Datacenters",
			"description": "",
			"order": [
				"614debd3-216e-b225-b318-b55286814350",
				"f1615032-63e4-5a08-faeb-2bbe04ac15f1",
				"54d7446b-bf51-6da0-0f62-864593e1359e",
				"669353ea-26c4-574e-e22e-dbc85e29e815",
				"90ed53af-f711-e653-eda2-a6f9165e7e54"
			],
			"owner": "287921",
			"collectionId": "5c5259d6-375a-7d63-01c4-7cb7a11e9133"
		},
		{
			"owner": "291902",
			"lastUpdatedBy": "291902",
			"lastRevision": 196031168,
			"id": "8761e3a8-e76e-c3e5-0a11-2f333caffa2e",
			"name": "Datastores",
			"description": "",
			"order": [
				"2475ed1a-0733-4b25-69e1-195a9dcde30f",
				"d5db0491-d724-4ab9-ecae-5b52ea59215d",
				"046f4ae0-6d78-ee29-a9bb-51df56845b3e"
			],
			"collectionId": "9ce9531a-fc57-4e3e-d810-4c66f3457aaa"
		},
		{
			"owner": "291902",
			"lastUpdatedBy": "291902",
			"lastRevision": 123284072,
			"id": "8bd3d9fd-ff2d-2f4e-edb8-8213579023a9",
			"name": "Folders",
			"description": "",
			"order": [
				"a0b59595-303c-4aef-99f7-c6bfca6dff83",
				"d3fab7b7-34f3-64f5-6dd7-18286f685555"
			],
			"collectionId": "5c5259d6-375a-7d63-01c4-7cb7a11e9133"
		},
		{
			"owner": "291902",
			"lastUpdatedBy": "291902",
			"lastRevision": 123284073,
			"id": "5015356f-65ba-a09f-9a4e-cdb4c5cbb7d1",
			"name": "Hosts",
			"description": "The requests in this collection can be called independently. Each request may require various bits of data such as the host name.",
			"order": [
				"58386aa2-35e1-ca04-f48a-06df3119f0a2",
				"bf1d4ea9-3732-7920-daef-8e0459f33f7c",
				"4807ee79-a1ce-1c1f-bbd6-41b08d4dd728",
				"8a0fa7a3-c005-0e44-ee0c-9514c815e009",
				"f0e977c0-36c7-1474-90ea-462c56c68062"
			],
			"collectionId": "5c5259d6-375a-7d63-01c4-7cb7a11e9133"
		},
		{
			"id": "c94b2c73-c2cb-4174-0d6f-31b4970aaff8",
			"name": "Network",
			"description": "",
			"order": [
				"961d9edf-671e-ae99-f81c-74108322c48a"
			],
			"owner": "287921"
		},
		{
			"owner": "291902",
			"lastUpdatedBy": "291902",
			"lastRevision": 123284075,
			"id": "02e4ace8-bc7b-ce6b-27d4-4de24e1146bb",
			"name": "Resource Pool",
			"description": "Individual requests for the Resource Pool resource",
			"order": [
				"9bd4008d-f575-766c-adef-374613eeb379",
				"3979f95e-ea33-d884-6126-5de511203595",
				"36984202-f7e1-1ad6-5026-dbb6424033f2"
			],
			"collectionId": "5c5259d6-375a-7d63-01c4-7cb7a11e9133"
		},
		{
			"owner": "291902",
			"lastUpdatedBy": "291902",
			"lastRevision": 123284076,
			"id": "754f20dc-66ce-898e-0b4c-c8802a1bb0c3",
			"name": "VM",
			"description": "The requests in this collection can be called independently. Each request may require various bits of data such as the vm id or name, etc.",
			"order": [
				"515f2173-e7cd-b149-6323-5bd06ea60896",
				"d2e53ec2-3d61-f6f2-58de-2754f68bfc8b",
				"c98d6e10-e253-0ff1-fdd2-809ebdb8f872",
				"212dd3b0-1ec0-f0bd-27ab-0fb548b05ff2",
				"6ca8ccda-bf90-e83b-200d-937ac33dbac8"
			],
			"collectionId": "5c5259d6-375a-7d63-01c4-7cb7a11e9133"
		},
		{
			"owner": "291902",
			"lastUpdatedBy": "291902",
			"lastRevision": 123284077,
			"id": "a0b7238a-2d83-6a11-45d3-cfd872059554",
			"name": "VM Adapter - SATA",
			"description": "",
			"order": [
				"41768dc9-f460-6841-d529-ea4caf4c5b1d",
				"44b0bcb1-8cf3-3653-3071-c580ea5397ff",
				"4a096faf-eb90-b699-8c8c-de640da264cb",
				"d4fafb26-88eb-5c12-a167-9d96e6db3f74"
			],
			"collectionId": "5c5259d6-375a-7d63-01c4-7cb7a11e9133"
		},
		{
			"owner": "291902",
			"lastUpdatedBy": "291902",
			"lastRevision": 123284078,
			"id": "fd899435-7286-025a-be2e-4c69bf70f725",
			"name": "VM Adapter - SCSI",
			"description": "",
			"order": [
				"849099de-f5dc-f6dc-7e2b-3c646daec561",
				"73da99f9-5edd-5b52-c355-45a540a36b33",
				"13b23ffa-ded7-9bfb-e528-9219dbc98e8f",
				"97e92356-dcbf-1dca-4587-d2349d78b364",
				"984add26-9439-8355-d54d-d9379a506a22"
			],
			"collectionId": "5c5259d6-375a-7d63-01c4-7cb7a11e9133"
		},
		{
			"id": "3fc6ab25-b971-c3a3-d50e-95d62091cd87",
			"name": "VM Add",
			"description": "This set of requests will show how to add a VM to an existing datacenter created in the setup process.",
			"order": [
				"42f788ad-1ac2-b0f6-5510-1d8fe4d9b35f",
				"4bc72adb-60f3-2634-bd04-5a3ad4ec1e3a",
				"13806951-6c2b-5973-ff2c-c583f67d4e0c",
				"14f8e809-2fa2-0372-b417-acd46ca36f96"
			],
			"owner": "287921",
			"collectionId": "5c5259d6-375a-7d63-01c4-7cb7a11e9133"
		},
		{
			"owner": "291902",
			"lastUpdatedBy": "291902",
			"lastRevision": 123284079,
			"id": "1457a615-209e-6595-6cff-ab84e8b46487",
			"name": "VM CD-Rom",
			"description": "",
			"order": [
				"5c0790aa-be5d-61c2-41bb-7b3f4127caaa",
				"a2f80e51-79a4-2068-7e27-e7acb69c5ec4",
				"82752658-adb4-e5e4-4fc1-4a2d434766ea",
				"470e7854-bfa4-5192-2d75-9cb76d23a227",
				"74c80a8c-f049-3844-0753-e72571e9e7b5",
				"2d1c49c7-29eb-5946-8b9c-bd97e74ad1f4",
				"2e7947c1-a7b7-2e5f-14f6-5276b8782a3f",
				"93d2fbdb-42c4-8d82-6c3a-83da61722f42"
			],
			"collectionId": "5c5259d6-375a-7d63-01c4-7cb7a11e9133"
		},
		{
			"owner": "291902",
			"lastUpdatedBy": "291902",
			"lastRevision": 123284080,
			"id": "72a83f0c-7eb3-7442-2337-4b9ebb942665",
			"name": "VM CPU copy",
			"description": "",
			"order": [
				"51011efe-db6d-1f5c-dde6-4574cce47513",
				"b8889aa5-c3aa-b997-3eb6-e9439e0ae478"
			]
		},
		{
			"owner": "291902",
			"lastUpdatedBy": "291902",
			"lastRevision": 123284081,
			"id": "b37f0fb5-6f28-b782-8470-ba9cfb77ca78",
			"name": "VM Disk",
			"description": "",
			"order": [
				"14be1558-4185-8b05-2c2c-292764e91d70",
				"61e329a3-90f8-2604-959a-6ea1b856d763",
				"d140a4c1-ca7f-e9e5-561b-a1f3201a13ba",
				"5ec1825b-ff2b-8a56-3b27-3ad17c14d8c6",
				"6b3610d7-23e1-f550-523e-8e212ece979e",
				"66c4e9ee-b489-4939-3e29-ffc348e3a9e7"
			],
			"collectionId": "5c5259d6-375a-7d63-01c4-7cb7a11e9133"
		},
		{
			"owner": "291902",
			"lastUpdatedBy": "291902",
			"lastRevision": 123284082,
			"id": "3f4ffcb0-c50a-abd0-e995-4b4ad60f2928",
			"name": "VM Ethernet",
			"description": "",
			"order": [
				"da1437ea-3e8b-f11c-533c-6e1d555cf3d3",
				"8e2574fa-c687-5830-3b3e-80e79d8eaa7a",
				"c7c49d1e-edd9-b477-5691-09f416a9f55b",
				"55552c06-a60e-3a20-e76f-dbaf7edd2d66",
				"88bbeed7-8fff-db47-ca1f-8fa50e81a8f3",
				"0e6788bd-732c-aa86-0943-7bb461e48a00",
				"66ee743b-2fab-5d74-ecf5-e8fbff0a9264"
			],
			"collectionId": "5c5259d6-375a-7d63-01c4-7cb7a11e9133"
		},
		{
			"owner": "291902",
			"lastUpdatedBy": "291902",
			"lastRevision": 123284083,
			"id": "89f991b4-f94d-552b-9f10-d04e0146e963",
			"name": "VM Floppy",
			"description": "",
			"order": [
				"5ae35fbf-7713-7681-5230-913a5988d064",
				"fb992b12-b2f4-a8b1-1349-6dc79ad08393",
				"e5c1a320-16f5-0827-3113-4a687630fd18",
				"70d3724b-bd44-0aa9-feb0-928e13151958",
				"f9106bd8-ab55-fa31-1630-ed750c60d294",
				"f6ff1580-80f4-26c2-d6d6-de9dd0903b1e",
				"d44523e9-5e84-be99-d5be-001374f81295"
			],
			"collectionId": "5c5259d6-375a-7d63-01c4-7cb7a11e9133"
		},
		{
			"owner": "291902",
			"lastUpdatedBy": "291902",
			"lastRevision": 123284084,
			"id": "ff74b7df-4219-6f54-e047-e722da4fa788",
			"name": "VM Memory",
			"description": "",
			"order": [
				"687fcea9-1f5d-20d1-486f-82b9d56b19f0",
				"ffd7bf84-a91a-f9dc-b30d-c25362ec3ede"
			],
			"collectionId": "5c5259d6-375a-7d63-01c4-7cb7a11e9133"
		},
		{
			"owner": "291902",
			"lastUpdatedBy": "291902",
			"lastRevision": 123284085,
			"id": "f1e5c856-db80-881d-a6d9-2cb081879e4d",
			"name": "VM Parallel",
			"description": "",
			"order": [
				"36b8fe9d-6483-4856-b49b-108048b0602a",
				"e20b3d2e-1bf4-cbad-da06-8a9c7303636c",
				"600ca882-0e48-014c-5a96-f0cf2bdd8936",
				"c545c765-81ab-b055-2632-45ffd81463d9",
				"78b01718-9d84-cd12-3511-abb96e17c720",
				"6e09f4a6-a199-890c-579d-b92a24261f45",
				"57983bea-d2a5-b161-f7a1-9dfa818c1d9e"
			],
			"collectionId": "5c5259d6-375a-7d63-01c4-7cb7a11e9133"
		},
		{
			"owner": "291902",
			"lastUpdatedBy": "291902",
			"lastRevision": 123284086,
			"id": "c946d50f-ddd1-b06b-4d00-4689da0d52fd",
			"name": "VM Power",
			"description": "",
			"order": [
				"12b311bf-df37-f883-d7b2-9eda1903bcfe",
				"b0053424-6fe5-c0be-e46c-e36e0c1bd42c",
				"363cf027-e9ad-f867-268b-d611abe88894",
				"56e38d1d-a85d-ecc8-9c41-2b1298b94157",
				"076623ce-b88d-e46f-b477-53faa31214d6"
			],
			"collectionId": "5c5259d6-375a-7d63-01c4-7cb7a11e9133"
		},
		{
			"owner": "291902",
			"lastUpdatedBy": "291902",
			"lastRevision": 148670521,
			"id": "e5e58832-70bb-b7d2-873f-89a421adec34",
			"name": "VM Serial",
			"description": "",
			"order": [
				"bf9bf795-54bc-14e5-afb6-49f368c1dd46",
				"54e55546-df6f-7327-623a-309a19328cdb",
				"6f080c30-7b2c-f842-da3e-fef0672a162f",
				"7e94e1b2-c94e-119b-29fc-f720fb4c06a4",
				"f79bc86d-30f4-f7fc-83bf-1a4bf2794d39",
				"07331f29-9b99-ba50-192e-99066b81a187",
				"6f95dc76-1d66-c27b-3af0-28a18b658e93"
			],
			"collectionId": "5c5259d6-375a-7d63-01c4-7cb7a11e9133"
		}
	],
	"timestamp": 1460592888044,
	"owner": "287921",
	"remoteLink": "",
	"public": false,
	"requests": [
		{
			"folder": "8761e3a8-e76e-c3e5-0a11-2f333caffa2e",
			"id": "046f4ae0-6d78-ee29-a9bb-51df56845b3e",
			"name": "List details for a single datastore",
			"dataMode": "params",
			"data": [],
			"rawModeData": null,
			"descriptionFormat": null,
			"description": "List details for a datastore",
			"headers": "",
			"method": "GET",
			"pathVariables": {},
			"url": "https://{{vc}}/rest/vcenter/datastore/datastore-26",
			"preRequestScript": "",
			"tests": "",
			"currentHelper": "normal",
			"helperAttributes": "{}",
			"responses": [],
			"collectionId": "9ce9531a-fc57-4e3e-d810-4c66f3457aaa"
		},
		{
			"folder": "e5e58832-70bb-b7d2-873f-89a421adec34",
			"id": "07331f29-9b99-ba50-192e-99066b81a187",
			"name": "Update",
			"dataMode": "raw",
			"data": [],
			"descriptionFormat": null,
			"description": "Update Serial to use new file",
			"headers": "Content-Type: application/json\n",
			"method": "PATCH",
			"pathVariables": {},
			"url": "https://{{vc}}/rest/vcenter/vm/vm-33/hardware/serial/9000",
			"preRequestScript": "",
			"tests": "",
			"currentHelper": "normal",
			"helperAttributes": {},
			"collectionId": "9ce9531a-fc57-4e3e-d810-4c66f3457aaa",
			"rawModeData": "{\n    \"spec\": {\n        \"backing\": {\n            \"file\": \"[datastore1] Serial3\",\n            \"type\": \"FILE\"\n        }\n    }\n}"
		},
		{
			"folder": "c946d50f-ddd1-b06b-4d00-4689da0d52fd",
			"id": "076623ce-b88d-e46f-b477-53faa31214d6",
			"name": "Details",
			"dataMode": "params",
			"data": [],
			"rawModeData": null,
			"descriptionFormat": null,
			"description": "List power details for a VM",
			"headers": "",
			"method": "GET",
			"pathVariables": {},
			"url": "https://{{vc}}/rest/vcenter/vm/vm-33/power",
			"preRequestScript": "",
			"tests": "",
			"currentHelper": "normal",
			"helperAttributes": {},
			"collectionId": "9ce9531a-fc57-4e3e-d810-4c66f3457aaa"
		},
		{
			"folder": "3f4ffcb0-c50a-abd0-e995-4b4ad60f2928",
			"id": "0e6788bd-732c-aa86-0943-7bb461e48a00",
			"name": "Change Network",
			"dataMode": "raw",
			"data": [],
			"descriptionFormat": null,
			"description": "Change Network the VM is attached to",
			"headers": "Content-Type: application/json\n",
			"method": "PATCH",
			"pathVariables": {},
			"url": "https://{{vc}}/rest/vcenter/vm/vm-19/hardware/ethernet/4000",
			"preRequestScript": "",
			"tests": "",
			"currentHelper": "normal",
			"helperAttributes": {},
			"collectionId": "9ce9531a-fc57-4e3e-d810-4c66f3457aaa",
			"rawModeData": "{\r\n    \"spec\": {\r\n        \"backing\": {\r\n            \"type\": \"NETWORK\",\r\n            \"network\": \"network-27\"\r\n        }\r\n    }\r\n}"
		},
		{
			"folder": "c946d50f-ddd1-b06b-4d00-4689da0d52fd",
			"id": "12b311bf-df37-f883-d7b2-9eda1903bcfe",
			"name": "Power On",
			"dataMode": "params",
			"data": [],
			"rawModeData": null,
			"descriptionFormat": null,
			"description": "Power On a VM",
			"headers": "",
			"method": "POST",
			"pathVariables": {},
			"url": "https://{{vc}}/rest/vcenter/vm/vm-33/power/start",
			"preRequestScript": "",
			"tests": "",
			"currentHelper": "normal",
			"helperAttributes": {},
			"collectionId": "9ce9531a-fc57-4e3e-d810-4c66f3457aaa"
		},
		{
			"id": "13806951-6c2b-5973-ff2c-c583f67d4e0c",
			"headers": "",
			"url": "https://{{vc}}/rest/vcenter/folder",
			"preRequestScript": "",
			"pathVariables": {},
			"method": "GET",
			"data": [],
			"dataMode": "params",
			"tests": "var resp = JSON.parse(responseBody);\n\nvar match = _.find(resp.value, function(item) {\n    return item.name === \"datastore\";\n})\n\nif (null !== match && undefined !== match) {\n    postman.setEnvironmentVariable('Testbed-DS', match.folder);\n} else {\n    // break out of execution.. host wasnt found, so we cant create a VM\n    postman.setNextRequest(null);\n}",
			"currentHelper": "normal",
			"helperAttributes": {},
			"time": 1460496842602,
			"name": "Find folers to create the VM in",
			"description": "This request can be called to get a list of folders. To create a VM, we need the datastore and vm folders. If not previously captured during the /datacenter/<datacenter-name> details, the response can be parsed for the vm and datastore folders.",
			"collectionId": "9ce9531a-fc57-4e3e-d810-4c66f3457aaa",
			"folder": "3fc6ab25-b971-c3a3-d50e-95d62091cd87"
		},
		{
			"folder": "fd899435-7286-025a-be2e-4c69bf70f725",
			"id": "13b23ffa-ded7-9bfb-e528-9219dbc98e8f",
			"name": "Create",
			"dataMode": "raw",
			"data": [],
			"descriptionFormat": null,
			"description": "Create SCSI Device on VM",
			"headers": "Content-Type: application/json\n",
			"method": "POST",
			"pathVariables": {},
			"url": "https://{{vc}}/rest/vcenter/vm/vm-33/hardware/adapter/scsi",
			"preRequestScript": "",
			"tests": "",
			"currentHelper": "normal",
			"helperAttributes": {},
			"collectionId": "9ce9531a-fc57-4e3e-d810-4c66f3457aaa",
			"rawModeData": "{\r\n    \"spec\": {\r\n        \"type\": \"BUSLOGIC\"\r\n    }\r\n}"
		},
		{
			"folder": "b37f0fb5-6f28-b782-8470-ba9cfb77ca78",
			"id": "14be1558-4185-8b05-2c2c-292764e91d70",
			"name": "Get",
			"dataMode": "params",
			"data": [],
			"rawModeData": null,
			"descriptionFormat": null,
			"description": "Return the Disk related settings of a virtual machine.",
			"headers": "",
			"method": "GET",
			"pathVariables": {},
			"url": "https://{{vc}}/rest/vcenter/vm/vm-19/hardware/disk",
			"preRequestScript": "",
			"tests": "",
			"currentHelper": "normal",
			"helperAttributes": {},
			"collectionId": "9ce9531a-fc57-4e3e-d810-4c66f3457aaa"
		},
		{
			"id": "14f8e809-2fa2-0372-b417-acd46ca36f96",
			"headers": "Content-Type: application/json\n",
			"url": "https://{{vc}}/rest/vcenter/vm",
			"preRequestScript": "",
			"pathVariables": {},
			"method": "POST",
			"data": [],
			"dataMode": "raw",
			"tests": "",
			"currentHelper": "normal",
			"helperAttributes": {},
			"time": 1460579428622,
			"name": "Create VM",
			"description": "This request will create a VM using the environment variables for storage, resource pool and folder.",
			"collectionId": "9ce9531a-fc57-4e3e-d810-4c66f3457aaa",
			"folder": "3fc6ab25-b971-c3a3-d50e-95d62091cd87",
			"rawModeData": "{\n    \"spec\": {\n        \"guest_OS\": \"RHEL_7_64\",\n        \"placement\" : {\n            \"datastore\": \"{{datastore}}\",\n            \"folder\": \"{{Testbed-VM-Folder}}\",\n            \"resource_pool\": \"{{Testbed-ResourcePool}}\"\n        }\n    }\n}"
		},
		{
			"id": "15f6c3e6-16de-bd49-51a8-3a4371417ff5",
			"folder": "ab58e0a3-472d-2123-e29f-e36f520a3ade",
			"name": "Login",
			"dataMode": "params",
			"data": [],
			"rawModeData": null,
			"descriptionFormat": null,
			"description": "Login to the specified vCenter and retrieve a session",
			"headers": "Authorization: Basic YWRtaW5pc3RyYXRvckB2c3BoZXJlLmxvY2FsOkFkbWluITIz\n",
			"method": "POST",
			"pathVariables": {},
			"url": "https://{{vc}}/rest/com/vmware/cis/session",
			"preRequestScript": "",
			"tests": "tests[\"Response time is less than 1000ms\"] = responseTime < 1000;",
			"currentHelper": "basicAuth",
			"helperAttributes": {
				"id": "basic",
				"username": "{{user}}",
				"password": "{{password}}",
				"saveToRequest": true
			},
			"collectionId": "9ce9531a-fc57-4e3e-d810-4c66f3457aaa"
		},
		{
			"folder": "ab58e0a3-472d-2123-e29f-e36f520a3ade",
			"id": "186eb678-3e48-a523-982c-985622d145b7",
			"name": "Logout",
			"dataMode": "params",
			"data": [],
			"rawModeData": null,
			"descriptionFormat": null,
			"description": "Logout of the specified vCenter",
			"headers": "",
			"method": "DELETE",
			"pathVariables": {},
			"url": "https://{{vc}}/rest/com/vmware/cis/session",
			"preRequestScript": "",
			"tests": "tests[\"Response time is less than 1000ms\"] = responseTime < 1000;",
			"currentHelper": "normal",
			"helperAttributes": {},
			"collectionId": "9ce9531a-fc57-4e3e-d810-4c66f3457aaa"
		},
		{
			"id": "212dd3b0-1ec0-f0bd-27ab-0fb548b05ff2",
			"headers": "Content-Type: application/json\n",
			"url": "https://{{vc}}/rest/vcenter/vm",
			"preRequestScript": "",
			"pathVariables": {},
			"method": "POST",
			"data": [],
			"dataMode": "raw",
			"tests": "",
			"currentHelper": "normal",
			"helperAttributes": {},
			"time": 1461090092558,
			"name": "Create with defaults",
			"description": "Create a new VM with the bare minimum properties. All other properties will use sensible defaults.",
			"collectionId": "9ce9531a-fc57-4e3e-d810-4c66f3457aaa",
			"rawModeData": "{\n    \"spec\": {\n        \"guest_OS\": \"RHEL_7_64\",\n        \"placement\" : {\n            \"datastore\": \"datastore-12\",\n            \"folder\": \"group-v7\",\n            \"resource_pool\": \"resgroup-9\"\n        }\n    }\n}"
		},
		{
			"folder": "8761e3a8-e76e-c3e5-0a11-2f333caffa2e",
			"id": "2475ed1a-0733-4b25-69e1-195a9dcde30f",
			"name": "List",
			"dataMode": "params",
			"data": [],
			"rawModeData": null,
			"descriptionFormat": null,
			"description": "List Datastores",
			"headers": "",
			"method": "GET",
			"pathVariables": {},
			"url": "https://{{vc}}/rest/vcenter/datastore",
			"preRequestScript": "",
			"tests": "",
			"currentHelper": "normal",
			"helperAttributes": "{}",
			"responses": [],
			"collectionId": "9ce9531a-fc57-4e3e-d810-4c66f3457aaa"
		},
		{
			"folder": "1457a615-209e-6595-6cff-ab84e8b46487",
			"id": "2d1c49c7-29eb-5946-8b9c-bd97e74ad1f4",
			"name": "CD-Rom: Disconnect",
			"dataMode": "params",
			"data": [],
			"rawModeData": null,
			"descriptionFormat": null,
			"description": "Disconnect CD-Rom from a VM ",
			"headers": "",
			"method": "POST",
			"pathVariables": {},
			"url": "https://{{vc}}/rest/vcenter/vm/vm-33/hardware/cdrom/16000/disconnect",
			"preRequestScript": "",
			"tests": "",
			"currentHelper": "normal",
			"helperAttributes": {},
			"collectionId": "9ce9531a-fc57-4e3e-d810-4c66f3457aaa"
		},
		{
			"folder": "1457a615-209e-6595-6cff-ab84e8b46487",
			"id": "2e7947c1-a7b7-2e5f-14f6-5276b8782a3f",
			"name": "CD-Rom: Update",
			"dataMode": "raw",
			"data": [],
			"descriptionFormat": null,
			"description": "Update CD-Rom to remove ISO File",
			"headers": "Content-Type: application/json\n",
			"method": "PATCH",
			"pathVariables": {},
			"url": "https://{{vc}}/rest/vcenter/vm/vm-19/hardware/cdrom/3000",
			"preRequestScript": "",
			"tests": "",
			"currentHelper": "normal",
			"helperAttributes": {},
			"collectionId": "9ce9531a-fc57-4e3e-d810-4c66f3457aaa",
			"rawModeData": "{\n    \"spec\": {\n        \"backing\": {\n            \"iso_file\": \"[datastore1] MyOS.iso\",\n            \"type\": \"ISO_FILE\"\n        }\n    }\n}"
		},
		{
			"folder": "c946d50f-ddd1-b06b-4d00-4689da0d52fd",
			"id": "363cf027-e9ad-f867-268b-d611abe88894",
			"name": "Reset",
			"dataMode": "params",
			"data": [],
			"rawModeData": null,
			"descriptionFormat": null,
			"description": "Reset a VM",
			"headers": "",
			"method": "POST",
			"pathVariables": {},
			"url": "https://{{vc}}/rest/vcenter/vm/vm-33/power/reset",
			"preRequestScript": "",
			"tests": "",
			"currentHelper": "normal",
			"helperAttributes": {},
			"collectionId": "9ce9531a-fc57-4e3e-d810-4c66f3457aaa"
		},
		{
			"id": "36984202-f7e1-1ad6-5026-dbb6424033f2",
			"headers": "",
			"url": "https://{{vc}}/rest/vcenter/resource-pool?filter.names.1=Resources&filter.hosts.1=",
			"preRequestScript": "",
			"pathVariables": {},
			"method": "GET",
			"data": [],
			"dataMode": "params",
			"tests": "",
			"currentHelper": "normal",
			"helperAttributes": {},
			"time": 1461346125612,
			"name": "Find ResourcePool for host1",
			"description": "This call will return a list of resource pools",
			"collectionId": "9ce9531a-fc57-4e3e-d810-4c66f3457aaa"
		},
		{
			"folder": "f1e5c856-db80-881d-a6d9-2cb081879e4d",
			"id": "36b8fe9d-6483-4856-b49b-108048b0602a",
			"name": "List",
			"dataMode": "params",
			"data": [],
			"rawModeData": null,
			"descriptionFormat": null,
			"description": "List Parallel IDs for a VM",
			"headers": "",
			"method": "GET",
			"pathVariables": {},
			"url": "https://{{vc}}/rest/vcenter/vm/vm-33/hardware/parallel",
			"preRequestScript": "",
			"tests": "",
			"currentHelper": "normal",
			"helperAttributes": {},
			"collectionId": "9ce9531a-fc57-4e3e-d810-4c66f3457aaa"
		},
		{
			"folder": "02e4ace8-bc7b-ce6b-27d4-4de24e1146bb",
			"id": "3979f95e-ea33-d884-6126-5de511203595",
			"name": "Get details",
			"dataMode": "params",
			"data": [],
			"rawModeData": null,
			"descriptionFormat": null,
			"description": "This request will return the details of the specified resource pool.",
			"headers": "",
			"method": "GET",
			"pathVariables": {},
			"url": "https://{{vc}}/rest/vcenter/resource-pool/resgroup-8",
			"preRequestScript": "",
			"tests": "",
			"currentHelper": "normal",
			"helperAttributes": {},
			"collectionId": "9ce9531a-fc57-4e3e-d810-4c66f3457aaa"
		},
		{
			"folder": "a0b7238a-2d83-6a11-45d3-cfd872059554",
			"id": "41768dc9-f460-6841-d529-ea4caf4c5b1d",
			"name": "List",
			"dataMode": "params",
			"data": [],
			"rawModeData": null,
			"descriptionFormat": null,
			"description": "List SATA IDs for a VM",
			"headers": "",
			"method": "GET",
			"pathVariables": {},
			"url": "https://{{vc}}/rest/vcenter/vm/vm-19/hardware/adapter/sata",
			"preRequestScript": "",
			"tests": "",
			"currentHelper": "normal",
			"helperAttributes": {},
			"collectionId": "9ce9531a-fc57-4e3e-d810-4c66f3457aaa"
		},
		{
			"id": "42f788ad-1ac2-b0f6-5510-1d8fe4d9b35f",
			"headers": "Authorization: Basic YWRtaW5pc3RyYXRvckB2c3BoZXJlLmxvY2FsOkFkbWluITIz\n",
			"url": "https://{{vc}}/rest/com/vmware/cis/session",
			"preRequestScript": "",
			"pathVariables": {},
			"method": "POST",
			"data": [],
			"dataMode": "params",
			"version": 2,
			"tests": "",
			"currentHelper": "normal",
			"helperAttributes": {},
			"time": 1460498363643,
			"name": "Login",
			"description": "Login to vCenter API and retrieve Session using username and password. The environment variables username and password are passed via the ",
			"collectionId": "9ce9531a-fc57-4e3e-d810-4c66f3457aaa",
			"responses": [],
			"folder": "3fc6ab25-b971-c3a3-d50e-95d62091cd87"
		},
		{
			"folder": "a0b7238a-2d83-6a11-45d3-cfd872059554",
			"id": "44b0bcb1-8cf3-3653-3071-c580ea5397ff",
			"name": "Details",
			"dataMode": "params",
			"data": [],
			"rawModeData": null,
			"descriptionFormat": null,
			"description": "Get SATA details for a single VM ",
			"headers": "",
			"method": "GET",
			"pathVariables": {},
			"url": "https://{{vc}}/rest/vcenter/vm/vm-19/hardware/adapter/sata/15000",
			"preRequestScript": "",
			"tests": "",
			"currentHelper": "normal",
			"helperAttributes": {},
			"collectionId": "9ce9531a-fc57-4e3e-d810-4c66f3457aaa"
		},
		{
			"folder": "1457a615-209e-6595-6cff-ab84e8b46487",
			"id": "470e7854-bfa4-5192-2d75-9cb76d23a227",
			"name": "CD-Rom: Create SATA",
			"dataMode": "raw",
			"data": [],
			"descriptionFormat": null,
			"description": "Create SATA CD-ROM on VM",
			"headers": "Content-Type: application/json\n",
			"method": "POST",
			"pathVariables": {},
			"url": "https://{{vc}}/rest/vcenter/vm/vm-19/hardware/cdrom",
			"preRequestScript": "",
			"tests": "",
			"currentHelper": "normal",
			"helperAttributes": {},
			"collectionId": "9ce9531a-fc57-4e3e-d810-4c66f3457aaa",
			"rawModeData": "{\n    \"spec\": {\n        \"type\": \"SATA\",\n        \"backing\": {\n            \"iso_file\": \"[datastore1] photon-minimal-1.0TP2.iso\",\n            \"type\": \"ISO_FILE\"\n        }\n    }\n}"
		},
		{
			"folder": "5015356f-65ba-a09f-9a4e-cdb4c5cbb7d1",
			"id": "4807ee79-a1ce-1c1f-bbd6-41b08d4dd728",
			"name": "Connect",
			"dataMode": "raw",
			"data": [],
			"rawModeData": "",
			"descriptionFormat": null,
			"description": "Connect a disconnected host",
			"headers": "",
			"method": "POST",
			"pathVariables": {},
			"url": "https://{{vc}}/rest/vcenter/host/host-10/connect",
			"preRequestScript": "",
			"tests": "",
			"currentHelper": "normal",
			"helperAttributes": {},
			"collectionId": "9ce9531a-fc57-4e3e-d810-4c66f3457aaa"
		},
		{
			"folder": "a0b7238a-2d83-6a11-45d3-cfd872059554",
			"id": "4a096faf-eb90-b699-8c8c-de640da264cb",
			"name": "Create",
			"dataMode": "raw",
			"data": [],
			"descriptionFormat": null,
			"description": "Create SATA on VM",
			"headers": "Content-Type: application/json\n",
			"method": "POST",
			"pathVariables": {},
			"url": "https://{{vc}}/rest/vcenter/vm/vm-19/hardware/adapter/sata",
			"preRequestScript": "",
			"tests": "",
			"currentHelper": "normal",
			"helperAttributes": {},
			"collectionId": "9ce9531a-fc57-4e3e-d810-4c66f3457aaa",
			"rawModeData": "{\r\n    \"spec\": {\r\n        \"type\": \"AHCI\"\r\n    }\r\n}"
		},
		{
			"id": "4bc72adb-60f3-2634-bd04-5a3ad4ec1e3a",
			"headers": "",
			"url": "https://{{vc}}/rest/vcenter/resource-pool",
			"preRequestScript": "",
			"pathVariables": {},
			"method": "GET",
			"data": [],
			"dataMode": "params",
			"tests": "var resp = JSON.parse(responseBody);\n\nvar resource = (undefined !== resp && undefined !== resp.value && resp.value.length > 0) ? resp.value[0].resource_pool : null;\n\nconsole.log(resource);\n\nif (null !== resource) {\n    postman.setEnvironmentVariable('Testbed-ResourcePool', resource);\n} else {\n    // break out of execution.. host wasnt found, so we cant create a VM\n    postman.setNextRequest(null);\n}",
			"currentHelper": "normal",
			"helperAttributes": {},
			"time": 1460496739069,
			"name": "Find a resource pool to use",
			"description": "Grab the first resource pool returned",
			"collectionId": "9ce9531a-fc57-4e3e-d810-4c66f3457aaa",
			"folder": "3fc6ab25-b971-c3a3-d50e-95d62091cd87"
		},
		{
			"folder": "72a83f0c-7eb3-7442-2337-4b9ebb942665",
			"id": "51011efe-db6d-1f5c-dde6-4574cce47513",
			"name": "CPU: Get for a single VM",
			"dataMode": "params",
			"data": [],
			"rawModeData": null,
			"descriptionFormat": null,
			"description": "Return the CPU related settings of a virtual machine.",
			"headers": "",
			"method": "GET",
			"pathVariables": {},
			"url": "https://{{vc}}/rest/vcenter/vm/vm-19/hardware/cpu",
			"preRequestScript": "",
			"tests": "",
			"currentHelper": "normal",
			"helperAttributes": {},
			"collectionId": "9ce9531a-fc57-4e3e-d810-4c66f3457aaa"
		},
		{
			"folder": "754f20dc-66ce-898e-0b4c-c8802a1bb0c3",
			"id": "515f2173-e7cd-b149-6323-5bd06ea60896",
			"name": "List",
			"dataMode": "params",
			"data": [],
			"rawModeData": null,
			"descriptionFormat": null,
			"description": "List all available VMs",
			"headers": "",
			"method": "GET",
			"pathVariables": {},
			"url": "https://{{vc}}/rest/vcenter/vm",
			"preRequestScript": "",
			"tests": "",
			"currentHelper": "normal",
			"helperAttributes": {},
			"collectionId": "9ce9531a-fc57-4e3e-d810-4c66f3457aaa"
		},
		{
			"id": "54d7446b-bf51-6da0-0f62-864593e1359e",
			"headers": "",
			"url": "https://{{vc}}/rest/vcenter/datacenter/datacenter-87",
			"preRequestScript": "",
			"pathVariables": {},
			"method": "GET",
			"data": [],
			"dataMode": "params",
			"tests": "",
			"currentHelper": "normal",
			"helperAttributes": {},
			"time": 1460573134234,
			"name": "Details",
			"description": "List the details of the specified datacenter. ",
			"collectionId": "9ce9531a-fc57-4e3e-d810-4c66f3457aaa",
			"folder": "7e5b4683-410d-94fc-fe2d-ae5299293593"
		},
		{
			"folder": "e5e58832-70bb-b7d2-873f-89a421adec34",
			"id": "54e55546-df6f-7327-623a-309a19328cdb",
			"name": "Details",
			"dataMode": "params",
			"data": [],
			"rawModeData": null,
			"descriptionFormat": null,
			"description": "Get Serial details for a single VM ",
			"headers": "",
			"method": "GET",
			"pathVariables": {},
			"url": "https://{{vc}}/rest/vcenter/vm/vm-33/hardware/serial/9000",
			"preRequestScript": "",
			"tests": "",
			"currentHelper": "normal",
			"helperAttributes": {},
			"collectionId": "9ce9531a-fc57-4e3e-d810-4c66f3457aaa"
		},
		{
			"folder": "3f4ffcb0-c50a-abd0-e995-4b4ad60f2928",
			"id": "55552c06-a60e-3a20-e76f-dbaf7edd2d66",
			"name": "Connect",
			"dataMode": "params",
			"data": [],
			"rawModeData": null,
			"descriptionFormat": null,
			"description": "Connect Ethernet device to the virtual machine.",
			"headers": "",
			"method": "POST",
			"pathVariables": {},
			"url": "https://{{vc}}/rest/vcenter/vm/vm-19/hardware/ethernet/4000/connect",
			"preRequestScript": "",
			"tests": "",
			"currentHelper": "normal",
			"helperAttributes": {},
			"collectionId": "9ce9531a-fc57-4e3e-d810-4c66f3457aaa"
		},
		{
			"folder": "c946d50f-ddd1-b06b-4d00-4689da0d52fd",
			"id": "56e38d1d-a85d-ecc8-9c41-2b1298b94157",
			"name": "Power Off",
			"dataMode": "params",
			"data": [],
			"rawModeData": null,
			"descriptionFormat": null,
			"description": "Power Off a VM",
			"headers": "",
			"method": "POST",
			"pathVariables": {},
			"url": "https://{{vc}}/rest/vcenter/vm/vm-33/power/stop",
			"preRequestScript": "",
			"tests": "",
			"currentHelper": "normal",
			"helperAttributes": {},
			"collectionId": "9ce9531a-fc57-4e3e-d810-4c66f3457aaa"
		},
		{
			"folder": "f1e5c856-db80-881d-a6d9-2cb081879e4d",
			"id": "57983bea-d2a5-b161-f7a1-9dfa818c1d9e",
			"name": "Delete",
			"dataMode": "raw",
			"data": [],
			"rawModeData": "",
			"descriptionFormat": null,
			"description": "Delete Parallel device on VM",
			"headers": "",
			"method": "DELETE",
			"pathVariables": {},
			"url": "https://{{vc}}/rest/vcenter/vm/vm-33/hardware/parallel/10001",
			"preRequestScript": "",
			"tests": "",
			"currentHelper": "normal",
			"helperAttributes": {},
			"collectionId": "9ce9531a-fc57-4e3e-d810-4c66f3457aaa"
		},
		{
			"folder": "5015356f-65ba-a09f-9a4e-cdb4c5cbb7d1",
			"id": "58386aa2-35e1-ca04-f48a-06df3119f0a2",
			"name": "List",
			"dataMode": "params",
			"data": [],
			"rawModeData": null,
			"descriptionFormat": null,
			"description": "List all the hosts available.",
			"headers": "",
			"method": "GET",
			"pathVariables": {},
			"url": "https://{{vc}}/rest/vcenter/host",
			"preRequestScript": "",
			"tests": "",
			"currentHelper": "normal",
			"helperAttributes": {},
			"collectionId": "9ce9531a-fc57-4e3e-d810-4c66f3457aaa"
		},
		{
			"folder": "89f991b4-f94d-552b-9f10-d04e0146e963",
			"id": "5ae35fbf-7713-7681-5230-913a5988d064",
			"name": "List",
			"dataMode": "params",
			"data": [],
			"rawModeData": null,
			"descriptionFormat": null,
			"description": "List Floppy IDs for a VM",
			"headers": "",
			"method": "GET",
			"pathVariables": {},
			"url": "https://{{vc}}/rest/vcenter/vm/vm-33/hardware/floppy",
			"preRequestScript": "",
			"tests": "",
			"currentHelper": "normal",
			"helperAttributes": {},
			"collectionId": "9ce9531a-fc57-4e3e-d810-4c66f3457aaa"
		},
		{
			"folder": "1457a615-209e-6595-6cff-ab84e8b46487",
			"id": "5c0790aa-be5d-61c2-41bb-7b3f4127caaa",
			"name": "CD-Rom: List for a single VM ",
			"dataMode": "params",
			"data": [],
			"rawModeData": null,
			"descriptionFormat": null,
			"description": "List CD-Rom IDs for a VM",
			"headers": "",
			"method": "GET",
			"pathVariables": {},
			"url": "https://{{vc}}/rest/vcenter/vm/vm-19/hardware/cdrom",
			"preRequestScript": "",
			"tests": "",
			"currentHelper": "normal",
			"helperAttributes": {},
			"collectionId": "9ce9531a-fc57-4e3e-d810-4c66f3457aaa"
		},
		{
			"folder": "b37f0fb5-6f28-b782-8470-ba9cfb77ca78",
			"id": "5ec1825b-ff2b-8a56-3b27-3ad17c14d8c6",
			"name": "Create SATA",
			"dataMode": "raw",
			"data": [],
			"descriptionFormat": null,
			"description": "Create SATA Disk with default size.",
			"headers": "Content-Type: application/json\n",
			"method": "POST",
			"pathVariables": {},
			"url": "https://{{vc}}/rest/vcenter/vm/vm-19/hardware/disk",
			"preRequestScript": "",
			"tests": "",
			"currentHelper": "normal",
			"helperAttributes": {},
			"collectionId": "9ce9531a-fc57-4e3e-d810-4c66f3457aaa",
			"rawModeData": "{\r\n    \"spec\": {\r\n        \"new_vmdk\": {\r\n        },\r\n       \"type\": \"SATA\"\r\n    }\r\n}"
		},
		{
			"folder": "f1e5c856-db80-881d-a6d9-2cb081879e4d",
			"id": "600ca882-0e48-014c-5a96-f0cf2bdd8936",
			"name": "Create",
			"dataMode": "raw",
			"data": [],
			"descriptionFormat": null,
			"description": "Create Parallel device on VM",
			"headers": "Content-Type: application/json\n",
			"method": "POST",
			"pathVariables": {},
			"url": "https://{{vc}}/rest/vcenter/vm/vm-33/hardware/parallel/",
			"preRequestScript": "",
			"tests": "",
			"currentHelper": "normal",
			"helperAttributes": {},
			"collectionId": "9ce9531a-fc57-4e3e-d810-4c66f3457aaa",
			"rawModeData": "{\n    \"spec\": {\n        \"backing\": {\n            \"file\": \"[datastore1] parallel2\",\n            \"type\": \"FILE\"\n        }\n    }\n}"
		},
		{
			"folder": "7e5b4683-410d-94fc-fe2d-ae5299293593",
			"id": "614debd3-216e-b225-b318-b55286814350",
			"name": "List",
			"dataMode": "params",
			"data": [],
			"rawModeData": null,
			"descriptionFormat": "html",
			"description": "This request will list all the datacenters. ",
			"headers": "",
			"method": "GET",
			"pathVariables": {},
			"url": "https://{{vc}}/rest/vcenter/datacenter",
			"preRequestScript": "",
			"tests": "",
			"currentHelper": "normal",
			"helperAttributes": {},
			"collectionId": "9ce9531a-fc57-4e3e-d810-4c66f3457aaa"
		},
		{
			"folder": "b37f0fb5-6f28-b782-8470-ba9cfb77ca78",
			"id": "61e329a3-90f8-2604-959a-6ea1b856d763",
			"name": "Details",
			"dataMode": "params",
			"data": [],
			"rawModeData": null,
			"descriptionFormat": null,
			"description": "Get Disk details for a single VM ",
			"headers": "",
			"method": "GET",
			"pathVariables": {},
			"url": "https://{{vc}}/rest/vcenter/vm/vm-19/hardware/disk/3000",
			"preRequestScript": "",
			"tests": "",
			"currentHelper": "normal",
			"helperAttributes": {},
			"collectionId": "9ce9531a-fc57-4e3e-d810-4c66f3457aaa"
		},
		{
			"folder": "7e5b4683-410d-94fc-fe2d-ae5299293593",
			"id": "669353ea-26c4-574e-e22e-dbc85e29e815",
			"name": "Delete",
			"dataMode": "raw",
			"data": [],
			"rawModeData": "",
			"descriptionFormat": null,
			"description": "Delete the specified datacenter. ",
			"headers": "",
			"method": "DELETE",
			"pathVariables": {},
			"url": "https://{{vc}}/rest/vcenter/datacenter/datacenter-34",
			"preRequestScript": "",
			"tests": "",
			"currentHelper": "normal",
			"helperAttributes": {},
			"collectionId": "9ce9531a-fc57-4e3e-d810-4c66f3457aaa"
		},
		{
			"folder": "b37f0fb5-6f28-b782-8470-ba9cfb77ca78",
			"id": "66c4e9ee-b489-4939-3e29-ffc348e3a9e7",
			"name": "Delete",
			"dataMode": "params",
			"data": [],
			"rawModeData": null,
			"descriptionFormat": null,
			"description": "Delete a given disk from a virtual machine.",
			"headers": "",
			"method": "DELETE",
			"pathVariables": {},
			"url": "https://{{vc}}/rest/vcenter/vm/vm-19/hardware/disk/3002",
			"preRequestScript": "",
			"tests": "",
			"currentHelper": "normal",
			"helperAttributes": {},
			"collectionId": "9ce9531a-fc57-4e3e-d810-4c66f3457aaa"
		},
		{
			"folder": "3f4ffcb0-c50a-abd0-e995-4b4ad60f2928",
			"id": "66ee743b-2fab-5d74-ecf5-e8fbff0a9264",
			"name": "Delete",
			"dataMode": "params",
			"data": [],
			"rawModeData": null,
			"descriptionFormat": null,
			"description": "Delete a given ethernet adapter from a virtual machine.",
			"headers": "",
			"method": "DELETE",
			"pathVariables": {},
			"url": "https://{{vc}}/rest/vcenter/vm/vm-33/hardware/ethernet/4000",
			"preRequestScript": "",
			"tests": "",
			"currentHelper": "normal",
			"helperAttributes": {},
			"collectionId": "9ce9531a-fc57-4e3e-d810-4c66f3457aaa"
		},
		{
			"folder": "ff74b7df-4219-6f54-e047-e722da4fa788",
			"id": "687fcea9-1f5d-20d1-486f-82b9d56b19f0",
			"name": "Get",
			"dataMode": "params",
			"data": [],
			"rawModeData": null,
			"descriptionFormat": null,
			"description": "Return the Memory related settings of a virtual machine.",
			"headers": "",
			"method": "GET",
			"pathVariables": {},
			"url": "https://{{vc}}/rest/vcenter/vm/vm-33/hardware/memory",
			"preRequestScript": "",
			"tests": "",
			"currentHelper": "normal",
			"helperAttributes": {},
			"collectionId": "9ce9531a-fc57-4e3e-d810-4c66f3457aaa"
		},
		{
			"folder": "b37f0fb5-6f28-b782-8470-ba9cfb77ca78",
			"id": "6b3610d7-23e1-f550-523e-8e212ece979e",
			"name": "Change VMDK location",
			"dataMode": "raw",
			"data": [],
			"descriptionFormat": null,
			"description": "Change disk VMDK location to new VMDK",
			"headers": "Content-Type: application/json\n",
			"method": "PATCH",
			"pathVariables": {},
			"url": "https://{{vc}}/rest/vcenter/vm/vm-33/hardware/disk/3002",
			"preRequestScript": "",
			"tests": "",
			"currentHelper": "normal",
			"helperAttributes": {},
			"collectionId": "9ce9531a-fc57-4e3e-d810-4c66f3457aaa",
			"rawModeData": "{\r\n    \"spec\": {\r\n        \"backing\": {\r\n            \"vmdk_file\": \"[datastore1] vAPIVM/vAPIVM_2.vmdk\",\r\n            \"type\": \"VMDK_FILE\"\r\n        }\r\n    }\r\n}"
		},
		{
			"folder": "754f20dc-66ce-898e-0b4c-c8802a1bb0c3",
			"id": "6ca8ccda-bf90-e83b-200d-937ac33dbac8",
			"name": "Delete",
			"dataMode": "params",
			"data": [],
			"rawModeData": null,
			"descriptionFormat": null,
			"description": "Delete the specified VM",
			"headers": "",
			"method": "DELETE",
			"pathVariables": {},
			"url": "https://{{vc}}/rest/vcenter/vm/vm-32",
			"preRequestScript": "",
			"tests": "",
			"currentHelper": "normal",
			"helperAttributes": {},
			"collectionId": "9ce9531a-fc57-4e3e-d810-4c66f3457aaa"
		},
		{
			"folder": "f1e5c856-db80-881d-a6d9-2cb081879e4d",
			"id": "6e09f4a6-a199-890c-579d-b92a24261f45",
			"name": "Update",
			"dataMode": "raw",
			"data": [],
			"descriptionFormat": null,
			"description": "Update Parallel to use new file",
			"headers": "Content-Type: application/json\n",
			"method": "PATCH",
			"pathVariables": {},
			"url": "https://{{vc}}/rest/vcenter/vm/vm-33/hardware/parallel/10001",
			"preRequestScript": "",
			"tests": "",
			"currentHelper": "normal",
			"helperAttributes": {},
			"collectionId": "9ce9531a-fc57-4e3e-d810-4c66f3457aaa",
			"rawModeData": "{\n    \"spec\": {\n        \"backing\": {\n            \"file\": \"[datastore1] parallel3\",\n            \"type\": \"FILE\"\n        }\n    }\n}"
		},
		{
			"folder": "e5e58832-70bb-b7d2-873f-89a421adec34",
			"id": "6f080c30-7b2c-f842-da3e-fef0672a162f",
			"name": "Create",
			"dataMode": "raw",
			"data": [],
			"descriptionFormat": null,
			"description": "Create Serial device on VM",
			"headers": "Content-Type: application/json\n",
			"method": "POST",
			"pathVariables": {},
			"url": "https://{{vc}}/rest/vcenter/vm/vm-33/hardware/serial/",
			"preRequestScript": "",
			"tests": "",
			"currentHelper": "normal",
			"helperAttributes": {},
			"collectionId": "9ce9531a-fc57-4e3e-d810-4c66f3457aaa",
			"rawModeData": "{\n    \"spec\": {\n        \"backing\": {\n            \"file\": \"[datastore1] serial2\",\n            \"type\": \"FILE\"\n        }\n    }\n}"
		},
		{
			"folder": "e5e58832-70bb-b7d2-873f-89a421adec34",
			"id": "6f95dc76-1d66-c27b-3af0-28a18b658e93",
			"name": "Delete",
			"dataMode": "raw",
			"data": [],
			"rawModeData": "",
			"descriptionFormat": null,
			"description": "Delete Serial device on VM",
			"headers": "",
			"method": "DELETE",
			"pathVariables": {},
			"url": "https://{{vc}}/rest/vcenter/vm/vm-33/hardware/serial/9000",
			"preRequestScript": "",
			"tests": "",
			"currentHelper": "normal",
			"helperAttributes": {},
			"collectionId": "9ce9531a-fc57-4e3e-d810-4c66f3457aaa"
		},
		{
			"folder": "89f991b4-f94d-552b-9f10-d04e0146e963",
			"id": "70d3724b-bd44-0aa9-feb0-928e13151958",
			"name": "Connect",
			"dataMode": "params",
			"data": [],
			"rawModeData": null,
			"descriptionFormat": null,
			"description": "Connect Floppy to a VM ",
			"headers": "",
			"method": "POST",
			"pathVariables": {},
			"url": "https://{{vc}}/rest/vcenter/vm/vm-33/hardware/floppy/8001/connect",
			"preRequestScript": "",
			"tests": "",
			"currentHelper": "normal",
			"helperAttributes": {},
			"collectionId": "9ce9531a-fc57-4e3e-d810-4c66f3457aaa"
		},
		{
			"folder": "fd899435-7286-025a-be2e-4c69bf70f725",
			"id": "73da99f9-5edd-5b52-c355-45a540a36b33",
			"name": "Details",
			"dataMode": "params",
			"data": [],
			"rawModeData": null,
			"descriptionFormat": null,
			"description": "Get SCSI details for a single VM ",
			"headers": "",
			"method": "GET",
			"pathVariables": {},
			"url": "https://{{vc}}/rest/vcenter/vm/vm-33/hardware/adapter/scsi/1000",
			"preRequestScript": "",
			"tests": "",
			"currentHelper": "normal",
			"helperAttributes": {},
			"collectionId": "9ce9531a-fc57-4e3e-d810-4c66f3457aaa"
		},
		{
			"folder": "1457a615-209e-6595-6cff-ab84e8b46487",
			"id": "74c80a8c-f049-3844-0753-e72571e9e7b5",
			"name": "CD-Rom: Connect",
			"dataMode": "params",
			"data": [],
			"rawModeData": null,
			"descriptionFormat": null,
			"description": "Connect CD-Rom to a VM ",
			"headers": "",
			"method": "POST",
			"pathVariables": {},
			"url": "https://{{vc}}/rest/vcenter/vm/vm-33/hardware/cdrom/16000/connect",
			"preRequestScript": "",
			"tests": "",
			"currentHelper": "normal",
			"helperAttributes": {},
			"collectionId": "9ce9531a-fc57-4e3e-d810-4c66f3457aaa"
		},
		{
			"folder": "f1e5c856-db80-881d-a6d9-2cb081879e4d",
			"id": "78b01718-9d84-cd12-3511-abb96e17c720",
			"name": "Disconnect",
			"dataMode": "params",
			"data": [],
			"rawModeData": null,
			"descriptionFormat": null,
			"description": "Disconnect Parallel device from a VM ",
			"headers": "",
			"method": "POST",
			"pathVariables": {},
			"url": "https://{{vc}}/rest/vcenter/vm/vm-33/hardware/parallel/10000/disconnect",
			"preRequestScript": "",
			"tests": "",
			"currentHelper": "normal",
			"helperAttributes": {},
			"collectionId": "9ce9531a-fc57-4e3e-d810-4c66f3457aaa"
		},
		{
			"folder": "e5e58832-70bb-b7d2-873f-89a421adec34",
			"id": "7e94e1b2-c94e-119b-29fc-f720fb4c06a4",
			"name": "Connect",
			"dataMode": "params",
			"data": [],
			"rawModeData": null,
			"descriptionFormat": null,
			"description": "Connect Serial device to a VM ",
			"headers": "",
			"method": "POST",
			"pathVariables": {},
			"url": "https://{{vc}}/rest/vcenter/vm/vm-33/hardware/serial/9000/connect",
			"preRequestScript": "",
			"tests": "",
			"currentHelper": "normal",
			"helperAttributes": {},
			"collectionId": "9ce9531a-fc57-4e3e-d810-4c66f3457aaa"
		},
		{
			"folder": "1457a615-209e-6595-6cff-ab84e8b46487",
			"id": "82752658-adb4-e5e4-4fc1-4a2d434766ea",
			"name": "CD-Rom: Create IDE",
			"dataMode": "raw",
			"data": [],
			"descriptionFormat": null,
			"description": "Create IDE CD-ROM on VM",
			"headers": "Content-Type: application/json\n",
			"method": "POST",
			"pathVariables": {},
			"url": "https://{{vc}}/rest/vcenter/vm/vm-19/hardware/cdrom",
			"preRequestScript": "",
			"tests": "",
			"currentHelper": "normal",
			"helperAttributes": {},
			"collectionId": "9ce9531a-fc57-4e3e-d810-4c66f3457aaa",
			"rawModeData": "{\n    \"spec\": {\n        \"type\": \"IDE\",\n        \"backing\": {\n            \"iso_file\": \"[datastore1] photon-minimal-1.0TP2.iso\",\n            \"type\": \"ISO_FILE\"\n        }\n    }\n}"
		},
		{
			"folder": "fd899435-7286-025a-be2e-4c69bf70f725",
			"id": "849099de-f5dc-f6dc-7e2b-3c646daec561",
			"name": "List",
			"dataMode": "params",
			"data": [],
			"rawModeData": null,
			"descriptionFormat": null,
			"description": "List SCSI IDs for a VM",
			"headers": "",
			"method": "GET",
			"pathVariables": {},
			"url": "https://{{vc}}/rest/vcenter/vm/vm-33/hardware/adapter/scsi",
			"preRequestScript": "",
			"tests": "",
			"currentHelper": "normal",
			"helperAttributes": {},
			"collectionId": "9ce9531a-fc57-4e3e-d810-4c66f3457aaa"
		},
		{
			"folder": "3f4ffcb0-c50a-abd0-e995-4b4ad60f2928",
			"id": "88bbeed7-8fff-db47-ca1f-8fa50e81a8f3",
			"name": "Disconnect",
			"dataMode": "params",
			"data": [],
			"rawModeData": null,
			"descriptionFormat": null,
			"description": "Disconnect Ethernet device to the virtual machine.",
			"headers": "",
			"method": "POST",
			"pathVariables": {},
			"url": "https://{{vc}}/rest/vcenter/vm/vm-33/hardware/ethernet/4000/disconnect",
			"preRequestScript": "",
			"tests": "",
			"currentHelper": "normal",
			"helperAttributes": {},
			"collectionId": "9ce9531a-fc57-4e3e-d810-4c66f3457aaa"
		},
		{
			"folder": "5015356f-65ba-a09f-9a4e-cdb4c5cbb7d1",
			"id": "8a0fa7a3-c005-0e44-ee0c-9514c815e009",
			"name": "Disconnect",
			"dataMode": "raw",
			"data": [],
			"rawModeData": "",
			"descriptionFormat": null,
			"description": "Disconnect a connected host",
			"headers": "",
			"method": "POST",
			"pathVariables": {},
			"url": "https://{{vc}}/rest/vcenter/host/host-10/disconnect",
			"preRequestScript": "",
			"tests": "",
			"currentHelper": "normal",
			"helperAttributes": {},
			"collectionId": "9ce9531a-fc57-4e3e-d810-4c66f3457aaa"
		},
		{
			"folder": "3f4ffcb0-c50a-abd0-e995-4b4ad60f2928",
			"id": "8e2574fa-c687-5830-3b3e-80e79d8eaa7a",
			"name": "Details",
			"dataMode": "params",
			"data": [],
			"rawModeData": null,
			"descriptionFormat": null,
			"description": "Get details for a single Adapter",
			"headers": "",
			"method": "GET",
			"pathVariables": {},
			"url": "https://{{vc}}/rest/vcenter/vm/vm-20/hardware/ethernet/4000",
			"preRequestScript": "",
			"tests": "",
			"currentHelper": "normal",
			"helperAttributes": {},
			"collectionId": "9ce9531a-fc57-4e3e-d810-4c66f3457aaa"
		},
		{
			"folder": "7e5b4683-410d-94fc-fe2d-ae5299293593",
			"id": "90ed53af-f711-e653-eda2-a6f9165e7e54",
			"name": "Create",
			"dataMode": "raw",
			"data": [],
			"descriptionFormat": "html",
			"description": "Create a new datacenter. Specify the name and the folder for the datacenter to be created in as part of the request body.",
			"headers": "Content-Type: application/json\n",
			"method": "POST",
			"pathVariables": {},
			"url": "https://{{vc}}/rest/vcenter/datacenter",
			"preRequestScript": "",
			"tests": "",
			"currentHelper": "normal",
			"helperAttributes": {},
			"collectionId": "9ce9531a-fc57-4e3e-d810-4c66f3457aaa",
			"rawModeData": "{\r\n    \"spec\": {\r\n        \"name\": \"DC01\",\r\n        \"folder\": \"group-d1\"\r\n    }\r\n}"
		},
		{
			"folder": "1457a615-209e-6595-6cff-ab84e8b46487",
			"id": "93d2fbdb-42c4-8d82-6c3a-83da61722f42",
			"name": "CD-Rom: Delete",
			"dataMode": "raw",
			"data": [],
			"rawModeData": "",
			"descriptionFormat": null,
			"description": "Create IDE CD-ROM on VM",
			"headers": "",
			"method": "DELETE",
			"pathVariables": {},
			"url": "https://{{vc}}/rest/vcenter/vm/vm-33/hardware/cdrom/3000",
			"preRequestScript": "",
			"tests": "",
			"currentHelper": "normal",
			"helperAttributes": {},
			"collectionId": "9ce9531a-fc57-4e3e-d810-4c66f3457aaa"
		},
		{
			"folder": "c94b2c73-c2cb-4174-0d6f-31b4970aaff8",
			"id": "961d9edf-671e-ae99-f81c-74108322c48a",
			"name": "List details",
			"dataMode": "params",
			"data": [],
			"rawModeData": null,
			"descriptionFormat": null,
			"description": "This request will get the list of all networks available.",
			"headers": "",
			"method": "GET",
			"pathVariables": {},
			"url": "https://{{vc}}/rest/vcenter/network",
			"preRequestScript": "",
			"tests": "",
			"currentHelper": "normal",
			"helperAttributes": {},
			"collectionId": "9ce9531a-fc57-4e3e-d810-4c66f3457aaa"
		},
		{
			"folder": "fd899435-7286-025a-be2e-4c69bf70f725",
			"id": "97e92356-dcbf-1dca-4587-d2349d78b364",
			"name": "Update",
			"dataMode": "raw",
			"data": [],
			"descriptionFormat": null,
			"description": "Update SCSI Device on VM",
			"headers": "Content-Type: application/json\n",
			"method": "PATCH",
			"pathVariables": {},
			"url": "https://{{vc}}/rest/vcenter/vm/vm-33/hardware/adapter/scsi/1001",
			"preRequestScript": "",
			"tests": "",
			"currentHelper": "normal",
			"helperAttributes": {},
			"collectionId": "9ce9531a-fc57-4e3e-d810-4c66f3457aaa",
			"rawModeData": "{\r\n    \"spec\": {\r\n        \"sharing\": \"NONE\"\r\n    }\r\n}"
		},
		{
			"folder": "fd899435-7286-025a-be2e-4c69bf70f725",
			"id": "984add26-9439-8355-d54d-d9379a506a22",
			"name": "Delete",
			"dataMode": "raw",
			"data": [],
			"rawModeData": "",
			"descriptionFormat": null,
			"description": "Delete SCSI Device on VM",
			"headers": "",
			"method": "DELETE",
			"pathVariables": {},
			"url": "https://{{vc}}/rest/vcenter/vm/vm-33/hardware/adapter/scsi/1001",
			"preRequestScript": "",
			"tests": "",
			"currentHelper": "normal",
			"helperAttributes": {},
			"collectionId": "9ce9531a-fc57-4e3e-d810-4c66f3457aaa"
		},
		{
			"folder": "02e4ace8-bc7b-ce6b-27d4-4de24e1146bb",
			"id": "9bd4008d-f575-766c-adef-374613eeb379",
			"name": "List",
			"dataMode": "params",
			"data": [],
			"rawModeData": null,
			"descriptionFormat": null,
			"description": "This call will return a list of resource pools",
			"headers": "",
			"method": "GET",
			"pathVariables": {},
			"url": "https://{{vc}}/rest/vcenter/resource-pool",
			"preRequestScript": "",
			"tests": "",
			"currentHelper": "normal",
			"helperAttributes": {},
			"collectionId": "9ce9531a-fc57-4e3e-d810-4c66f3457aaa"
		},
		{
			"folder": "8bd3d9fd-ff2d-2f4e-edb8-8213579023a9",
			"id": "a0b59595-303c-4aef-99f7-c6bfca6dff83",
			"name": "List",
			"dataMode": "params",
			"data": [],
			"rawModeData": null,
			"descriptionFormat": null,
			"description": "List Folder IDs",
			"headers": "",
			"method": "GET",
			"pathVariables": {},
			"url": "https://{{vc}}/rest/vcenter/folder",
			"preRequestScript": "",
			"tests": "",
			"currentHelper": "normal",
			"helperAttributes": {},
			"collectionId": "9ce9531a-fc57-4e3e-d810-4c66f3457aaa"
		},
		{
			"folder": "1457a615-209e-6595-6cff-ab84e8b46487",
			"id": "a2f80e51-79a4-2068-7e27-e7acb69c5ec4",
			"name": "CD-Rom: Get details for a single VM ",
			"dataMode": "params",
			"data": [],
			"rawModeData": null,
			"descriptionFormat": null,
			"description": "Get CD-Rom details for a single VM ",
			"headers": "",
			"method": "GET",
			"pathVariables": {},
			"url": "https://{{vc}}/rest/vcenter/vm/vm-22/hardware/cdrom/3001",
			"preRequestScript": "",
			"tests": "",
			"currentHelper": "normal",
			"helperAttributes": {},
			"collectionId": "9ce9531a-fc57-4e3e-d810-4c66f3457aaa"
		},
		{
			"folder": "c946d50f-ddd1-b06b-4d00-4689da0d52fd",
			"id": "b0053424-6fe5-c0be-e46c-e36e0c1bd42c",
			"name": "Suspend",
			"dataMode": "params",
			"data": [],
			"rawModeData": null,
			"descriptionFormat": null,
			"description": "Suspend a VM",
			"headers": "",
			"method": "POST",
			"pathVariables": {},
			"url": "https://{{vc}}/rest/vcenter/vm/vm-33/power/suspend",
			"preRequestScript": "",
			"tests": "",
			"currentHelper": "normal",
			"helperAttributes": {},
			"collectionId": "9ce9531a-fc57-4e3e-d810-4c66f3457aaa"
		},
		{
			"folder": "72a83f0c-7eb3-7442-2337-4b9ebb942665",
			"id": "b8889aa5-c3aa-b997-3eb6-e9439e0ae478",
			"name": "CPU: Update",
			"dataMode": "raw",
			"data": [],
			"descriptionFormat": null,
			"description": "Update the CPU related settings of a virtual machine.",
			"headers": "Content-Type: application/json\n",
			"method": "PATCH",
			"pathVariables": {},
			"url": "https://{{vc}}/rest/vcenter/vm/vm-33/hardware/cpu",
			"preRequestScript": "",
			"tests": "",
			"currentHelper": "normal",
			"helperAttributes": {},
			"collectionId": "9ce9531a-fc57-4e3e-d810-4c66f3457aaa",
			"rawModeData": "{\n  \"spec\": {\n    \"count\": 2,\n    \"hot_remove_enabled\": false,\n    \"cores_per_socket\": 1,\n    \"hot_add_enabled\": false\n  }\n}"
		},
		{
			"id": "bf1d4ea9-3732-7920-daef-8e0459f33f7c",
			"folder": "5015356f-65ba-a09f-9a4e-cdb4c5cbb7d1",
			"name": "Add",
			"dataMode": "raw",
			"data": [],
			"descriptionFormat": null,
			"description": "Add a new host to the specified folder",
			"headers": "Content-Type: application/json\n",
			"method": "POST",
			"pathVariables": {},
			"url": "https://{{vc}}/rest/vcenter/host",
			"preRequestScript": "",
			"tests": "",
			"currentHelper": "normal",
			"helperAttributes": {},
			"collectionId": "9ce9531a-fc57-4e3e-d810-4c66f3457aaa",
			"rawModeData": "{\n    \"spec\": {\n        \"force_add\": true,\n        \"folder\": \"group-h4\",\n        \"hostname\": \"{{host1}}\",\n        \"user_name\": \"root\",\n        \"password\": \"{{host1pass}}\",\n        \"port\": 443,\n        \"thumbprint_verification\": \"NONE\"\n    }\n}"
		},
		{
			"folder": "e5e58832-70bb-b7d2-873f-89a421adec34",
			"id": "bf9bf795-54bc-14e5-afb6-49f368c1dd46",
			"name": "List",
			"dataMode": "params",
			"data": [],
			"rawModeData": null,
			"descriptionFormat": null,
			"description": "List Serial IDs for a VM",
			"headers": "",
			"method": "GET",
			"pathVariables": {},
			"url": "https://{{vc}}/rest/vcenter/vm/vm-33/hardware/serial",
			"preRequestScript": "",
			"tests": "",
			"currentHelper": "normal",
			"helperAttributes": {},
			"collectionId": "9ce9531a-fc57-4e3e-d810-4c66f3457aaa"
		},
		{
			"folder": "f1e5c856-db80-881d-a6d9-2cb081879e4d",
			"id": "c545c765-81ab-b055-2632-45ffd81463d9",
			"name": "Connect",
			"dataMode": "params",
			"data": [],
			"rawModeData": null,
			"descriptionFormat": null,
			"description": "Connect Parallel device to a VM ",
			"headers": "",
			"method": "POST",
			"pathVariables": {},
			"url": "https://{{vc}}/rest/vcenter/vm/vm-33/hardware/parallel/10000/connect",
			"preRequestScript": "",
			"tests": "",
			"currentHelper": "normal",
			"helperAttributes": {},
			"collectionId": "9ce9531a-fc57-4e3e-d810-4c66f3457aaa"
		},
		{
			"folder": "3f4ffcb0-c50a-abd0-e995-4b4ad60f2928",
			"id": "c7c49d1e-edd9-b477-5691-09f416a9f55b",
			"name": "Create E1000",
			"dataMode": "raw",
			"data": [],
			"descriptionFormat": null,
			"description": "Create E1000 Network Adapter",
			"headers": "Content-Type: application/json\n",
			"method": "POST",
			"pathVariables": {},
			"url": "https://{{vc}}/rest/vcenter/vm/vm-20/hardware/ethernet",
			"preRequestScript": "",
			"tests": "",
			"currentHelper": "normal",
			"helperAttributes": {},
			"collectionId": "9ce9531a-fc57-4e3e-d810-4c66f3457aaa",
			"rawModeData": "{\r\n    \"spec\": {\r\n        \"type\": \"E1000\",\r\n        \"backing\": {\r\n            \"type\": \"NETWORK\",\r\n            \"network\": \"network-18\"\r\n        }\r\n    }\r\n}"
		},
		{
			"id": "c98d6e10-e253-0ff1-fdd2-809ebdb8f872",
			"headers": "",
			"url": "https://{{vc}}/rest/vcenter/vm?filter.names.1=MyVM",
			"preRequestScript": "",
			"pathVariables": {},
			"method": "GET",
			"data": [],
			"dataMode": "params",
			"tests": "",
			"currentHelper": "normal",
			"helperAttributes": {},
			"time": 1460579596564,
			"name": "Find",
			"description": "Find a VM based on the specified filter, in this case the vm name when it was created.",
			"collectionId": "9ce9531a-fc57-4e3e-d810-4c66f3457aaa",
			"folder": "754f20dc-66ce-898e-0b4c-c8802a1bb0c3"
		},
		{
			"folder": "b37f0fb5-6f28-b782-8470-ba9cfb77ca78",
			"id": "d140a4c1-ca7f-e9e5-561b-a1f3201a13ba",
			"name": "Create IDE",
			"dataMode": "raw",
			"data": [],
			"descriptionFormat": null,
			"description": "Create IDE Disk with default size.",
			"headers": "Content-Type: application/json\n",
			"method": "POST",
			"pathVariables": {},
			"url": "https://{{vc}}/rest/vcenter/vm/vm-19/hardware/disk",
			"preRequestScript": "",
			"tests": "",
			"currentHelper": "normal",
			"helperAttributes": {},
			"collectionId": "9ce9531a-fc57-4e3e-d810-4c66f3457aaa",
			"rawModeData": "{\r\n    \"spec\": {\r\n        \"new_vmdk\": {\r\n        },\r\n        \"type\": \"IDE\"\r\n    }\r\n}"
		},
		{
			"folder": "754f20dc-66ce-898e-0b4c-c8802a1bb0c3",
			"id": "d2e53ec2-3d61-f6f2-58de-2754f68bfc8b",
			"name": "Details",
			"dataMode": "params",
			"data": [],
			"rawModeData": null,
			"descriptionFormat": null,
			"description": "Get the details for the specified VM",
			"headers": "",
			"method": "GET",
			"pathVariables": {},
			"url": "https://{{vc}}/rest/vcenter/vm/vm-22",
			"preRequestScript": "",
			"tests": "",
			"currentHelper": "normal",
			"helperAttributes": {},
			"collectionId": "9ce9531a-fc57-4e3e-d810-4c66f3457aaa"
		},
		{
			"folder": "8bd3d9fd-ff2d-2f4e-edb8-8213579023a9",
			"id": "d3fab7b7-34f3-64f5-6dd7-18286f685555",
			"name": "Find",
			"dataMode": "params",
			"data": [],
			"rawModeData": "{\r\n    \"spec\": {\r\n        \"type\": \"VIRTUAL_MACHINE\",\r\n        \"name\": \"Discovered virtual machine\"\r\n    }\r\n}",
			"descriptionFormat": null,
			"description": "Find Folders with given filter details",
			"headers": "Content-Type: application/json\n",
			"method": "GET",
			"pathVariables": {},
			"url": "https://{{vc}}/rest/vcenter/folder?filter.type=VIRTUAL_MACHINE&filter.names.1=Discovered virtual machine",
			"preRequestScript": "",
			"tests": "",
			"currentHelper": "normal",
			"helperAttributes": {},
			"collectionId": "9ce9531a-fc57-4e3e-d810-4c66f3457aaa"
		},
		{
			"folder": "89f991b4-f94d-552b-9f10-d04e0146e963",
			"id": "d44523e9-5e84-be99-d5be-001374f81295",
			"name": "Delete",
			"dataMode": "raw",
			"data": [],
			"rawModeData": "",
			"descriptionFormat": null,
			"description": "Delete Floppy on VM",
			"headers": "",
			"method": "DELETE",
			"pathVariables": {},
			"url": "https://{{vc}}/rest/vcenter/vm/vm-33/hardware/floppy/8001",
			"preRequestScript": "",
			"tests": "",
			"currentHelper": "normal",
			"helperAttributes": {},
			"collectionId": "9ce9531a-fc57-4e3e-d810-4c66f3457aaa"
		},
		{
			"folder": "a0b7238a-2d83-6a11-45d3-cfd872059554",
			"id": "d4fafb26-88eb-5c12-a167-9d96e6db3f74",
			"name": "Delete",
			"dataMode": "raw",
			"data": [],
			"rawModeData": "",
			"descriptionFormat": null,
			"description": "Delete SATA Device on VM",
			"headers": "",
			"method": "DELETE",
			"pathVariables": {},
			"url": "https://{{vc}}/rest/vcenter/vm/vm-33/hardware/adapter/sata/15001",
			"preRequestScript": "",
			"tests": "",
			"currentHelper": "normal",
			"helperAttributes": {},
			"collectionId": "9ce9531a-fc57-4e3e-d810-4c66f3457aaa"
		},
		{
			"folder": "8761e3a8-e76e-c3e5-0a11-2f333caffa2e",
			"id": "d5db0491-d724-4ab9-ecae-5b52ea59215d",
			"name": "Find",
			"dataMode": "raw",
			"data": [],
			"rawModeData": "{\r\n    \"spec\": {\r\n        \"name\": \"datastore1\"\r\n    }\r\n}",
			"descriptionFormat": null,
			"description": "Find Datastores with given filter details",
			"headers": "Content-Type: application/json\n",
			"method": "GET",
			"pathVariables": {},
			"url": "https://{{vc}}/rest/vcenter/datastore?filter.names.1=datastore1",
			"preRequestScript": "",
			"tests": "",
			"currentHelper": "normal",
			"helperAttributes": "{}",
			"responses": [],
			"collectionId": "9ce9531a-fc57-4e3e-d810-4c66f3457aaa"
		},
		{
			"folder": "3f4ffcb0-c50a-abd0-e995-4b4ad60f2928",
			"id": "da1437ea-3e8b-f11c-533c-6e1d555cf3d3",
			"name": "Get",
			"dataMode": "params",
			"data": [],
			"rawModeData": null,
			"descriptionFormat": null,
			"description": "Return the Ethernet related settings of a virtual machine.",
			"headers": "",
			"method": "GET",
			"pathVariables": {},
			"url": "https://{{vc}}/rest/vcenter/vm/vm-20/hardware/ethernet",
			"preRequestScript": "",
			"tests": "",
			"currentHelper": "normal",
			"helperAttributes": {},
			"collectionId": "9ce9531a-fc57-4e3e-d810-4c66f3457aaa"
		},
		{
			"folder": "f1e5c856-db80-881d-a6d9-2cb081879e4d",
			"id": "e20b3d2e-1bf4-cbad-da06-8a9c7303636c",
			"name": "Details",
			"dataMode": "params",
			"data": [],
			"rawModeData": null,
			"descriptionFormat": null,
			"description": "Get Parallel details for a single VM ",
			"headers": "",
			"method": "GET",
			"pathVariables": {},
			"url": "https://{{vc}}/rest/vcenter/vm/vm-33/hardware/parallel/10000",
			"preRequestScript": "",
			"tests": "",
			"currentHelper": "normal",
			"helperAttributes": {},
			"collectionId": "9ce9531a-fc57-4e3e-d810-4c66f3457aaa"
		},
		{
			"folder": "89f991b4-f94d-552b-9f10-d04e0146e963",
			"id": "e5c1a320-16f5-0827-3113-4a687630fd18",
			"name": "Create",
			"dataMode": "raw",
			"data": [],
			"descriptionFormat": null,
			"description": "Create Floppy on VM",
			"headers": "Content-Type: application/json\n",
			"method": "POST",
			"pathVariables": {},
			"url": "https://{{vc}}/rest/vcenter/vm/vm-33/hardware/floppy",
			"preRequestScript": "",
			"tests": "",
			"currentHelper": "normal",
			"helperAttributes": {},
			"collectionId": "9ce9531a-fc57-4e3e-d810-4c66f3457aaa",
			"rawModeData": "{\n    \"spec\": {\n        \"backing\": {\n            \"type\": \"CLIENT_DEVICE\"\n        }\n    }\n}"
		},
		{
			"folder": "5015356f-65ba-a09f-9a4e-cdb4c5cbb7d1",
			"id": "f0e977c0-36c7-1474-90ea-462c56c68062",
			"name": "Delete",
			"dataMode": "raw",
			"data": [],
			"rawModeData": "",
			"descriptionFormat": null,
			"description": "Remove the specified standalone host",
			"headers": "Content-Type: application/json\n",
			"method": "DELETE",
			"pathVariables": {},
			"url": "https://{{vc}}/rest/vcenter/host/host-12",
			"preRequestScript": "",
			"tests": "",
			"currentHelper": "normal",
			"helperAttributes": {},
			"collectionId": "9ce9531a-fc57-4e3e-d810-4c66f3457aaa"
		},
		{
			"id": "f1615032-63e4-5a08-faeb-2bbe04ac15f1",
			"headers": "Content-Type: application/json\n",
			"url": "https://{{vc}}/rest/vcenter/datacenter?filter.names.1=Testbed-DC",
			"preRequestScript": "",
			"pathVariables": {},
			"method": "GET",
			"data": [],
			"dataMode": "raw",
			"tests": "",
			"currentHelper": "normal",
			"helperAttributes": {},
			"time": 1460491650920,
			"name": "Find",
			"description": "This call will find the Testbed-DC datacenter created in the setup sample",
			"collectionId": "9ce9531a-fc57-4e3e-d810-4c66f3457aaa",
			"folder": "7e5b4683-410d-94fc-fe2d-ae5299293593",
			"rawModeData": "{\r\n    \"spec\": {\r\n        \"name\": \"datastore1\"\r\n    }\r\n}"
		},
		{
			"folder": "89f991b4-f94d-552b-9f10-d04e0146e963",
			"id": "f6ff1580-80f4-26c2-d6d6-de9dd0903b1e",
			"name": "Update",
			"dataMode": "raw",
			"data": [],
			"descriptionFormat": null,
			"description": "Update FLoppy to use flp file",
			"headers": "Content-Type: application/json\n",
			"method": "PATCH",
			"pathVariables": {},
			"url": "https://{{vc}}/rest/vcenter/vm/vm-33/hardware/floppy/8001",
			"preRequestScript": "",
			"tests": "",
			"currentHelper": "normal",
			"helperAttributes": {},
			"collectionId": "9ce9531a-fc57-4e3e-d810-4c66f3457aaa",
			"rawModeData": "{\n    \"spec\": {\n        \"backing\": {\n            \"type\": \"IMAGE_FILE\",\n            \"image_file\":  \"[datastore1] test.flp\"\n        }\n    }\n}"
		},
		{
			"folder": "e5e58832-70bb-b7d2-873f-89a421adec34",
			"id": "f79bc86d-30f4-f7fc-83bf-1a4bf2794d39",
			"name": "Disconnect",
			"dataMode": "params",
			"data": [],
			"rawModeData": null,
			"descriptionFormat": null,
			"description": "Disconnect Serial device from a VM ",
			"headers": "",
			"method": "POST",
			"pathVariables": {},
			"url": "https://{{vc}}/rest/vcenter/vm/vm-33/hardware/serial/9000/disconnect",
			"preRequestScript": "",
			"tests": "",
			"currentHelper": "normal",
			"helperAttributes": {},
			"collectionId": "9ce9531a-fc57-4e3e-d810-4c66f3457aaa"
		},
		{
			"folder": "89f991b4-f94d-552b-9f10-d04e0146e963",
			"id": "f9106bd8-ab55-fa31-1630-ed750c60d294",
			"name": "Disconnect",
			"dataMode": "params",
			"data": [],
			"rawModeData": null,
			"descriptionFormat": null,
			"description": "Disconnect Floppy from a VM ",
			"headers": "",
			"method": "POST",
			"pathVariables": {},
			"url": "https://{{vc}}/rest/vcenter/vm/vm-33/hardware/floppy/8001/disconnect",
			"preRequestScript": "",
			"tests": "",
			"currentHelper": "normal",
			"helperAttributes": {},
			"collectionId": "9ce9531a-fc57-4e3e-d810-4c66f3457aaa"
		},
		{
			"folder": "89f991b4-f94d-552b-9f10-d04e0146e963",
			"id": "fb992b12-b2f4-a8b1-1349-6dc79ad08393",
			"name": "Details",
			"dataMode": "params",
			"data": [],
			"rawModeData": null,
			"descriptionFormat": null,
			"description": "Get Floppy details for a single VM ",
			"headers": "",
			"method": "GET",
			"pathVariables": {},
			"url": "https://{{vc}}/rest/vcenter/vm/vm-33/hardware/floppy/8000",
			"preRequestScript": "",
			"tests": "",
			"currentHelper": "normal",
			"helperAttributes": {},
			"collectionId": "9ce9531a-fc57-4e3e-d810-4c66f3457aaa"
		},
		{
			"folder": "ff74b7df-4219-6f54-e047-e722da4fa788",
			"id": "ffd7bf84-a91a-f9dc-b30d-c25362ec3ede",
			"name": "Update",
			"dataMode": "raw",
			"data": [],
			"descriptionFormat": null,
			"description": "Update the Memory related settings of a virtual machine.",
			"headers": "Content-Type: application/json\n",
			"method": "PATCH",
			"pathVariables": {},
			"url": "https://{{vc}}/rest/vcenter/vm/vm-33/hardware/memory",
			"preRequestScript": "",
			"tests": "",
			"currentHelper": "normal",
			"helperAttributes": {},
			"collectionId": "9ce9531a-fc57-4e3e-d810-4c66f3457aaa",
			"rawModeData": "{\n  \"spec\": {\n    \"size_MiB\": 512\n  }\n}"
		}
	]
}
